component,eigenvalue,singular_value,explained_variance,cumulative_explained_variance
1,2804.960692935901,41049.42011326111,0.3992646317781577,0.3992646317781577
2,814.1330864859641,22115.223817738417,0.1158855979026233,0.515150229680781
3,410.8469211010184,15710.27021502644,0.05848090673202759,0.5736311364128085
4,217.0132619887473,11417.914171177767,0.030890172670556593,0.6045213090833651
5,114.78687015528249,8304.045951459719,0.016339030190667764,0.6208603392740328
6,84.63179594608039,7130.342889962886,0.012046686761149613,0.6329070260351825
7,67.85709059333864,6384.711149310738,0.009658936168880413,0.6425659622040628
8,59.25978344224938,5966.555251137824,0.008435175464280116,0.6510011376683429
9,53.2693501206897,5656.949943286864,0.007582483246400687,0.6585836209147435
10,51.60751215146033,5568.011176118492,0.007345933362999348,0.6659295542777429
11,46.534167536211044,5287.24714193227,0.006623781685511476,0.6725533359632544
12,44.98879725789984,5198.712826605063,0.006403810084239226,0.6789571460474936
13,41.6775112831562,5003.737583622321,0.005932473933701444,0.684889619981195
14,39.4436600024938,4867.794547180286,0.0056145023445568895,0.6905041223257519
15,36.37968320949522,4674.908263373236,0.005178368758402085,0.6956824910841539
16,35.59021843744579,4623.905645050472,0.005065994505776027,0.70074848558993
17,33.23176285066079,4468.073684113638,0.004730286449761436,0.7054787720396914
18,32.726077069078954,4433.948157630573,0.004658305958951993,0.7101370779986435
19,31.841219443013912,4373.59417520826,0.0045323532655197115,0.7146694312641632
20,30.9923304912069,4314.900185591565,0.004411520436875322,0.7190809517010385
21,30.21894500426939,4260.722854259568,0.00430143494710631,0.7233823866481448
22,29.303438965245743,4195.685549158885,0.004171119687258991,0.7275535063354038
23,28.314500722804453,4124.279510256097,0.004030351916710885,0.7315838582521147
24,27.527715839517317,4066.5744234118565,0.003918359125686972,0.7355022173778016
25,26.85537813667452,4016.606368217327,0.0038226570126298617,0.7393248743904315
26,25.930223969323663,3946.815004222451,0.0036909684157466222,0.7430158428061782
27,25.236337622436462,3893.649021116323,0.0035921990185555936,0.7466080418247337
28,24.382225424285256,3827.192506735263,0.0034706227008728177,0.7500786645256066
29,24.13701154075477,3807.8986921929213,0.003435718386113164,0.7535143829117197
30,23.52025181421964,3758.9333054905514,0.0033479273715257543,0.7568623102832455
31,23.31649829630043,3742.61626446231,0.0033189246216795993,0.7601812349049251
32,22.3527589189916,3664.4534034087446,0.0031817437162286314,0.7633629786211537
33,21.956698163258437,3631.8437206595268,0.003125367506680374,0.766488346127834
34,21.61891079143837,3603.7988411895963,0.003077286066192205,0.7695656321940262
35,21.59207566548838,3601.5614846009717,0.003073466291922952,0.7726390984859491
36,20.968695505709913,3549.1907678787397,0.0029847329094628765,0.775623831395412
37,20.552067224778188,3513.754319339995,0.002925429070520142,0.7785492604659322
38,20.273227641498206,3489.836535796666,0.002885738395415911,0.7814349988613482
39,20.111966517689716,3475.92906685442,0.0028627841118212495,0.7842977829731694
40,19.65587091564609,3436.2897942019017,0.002797862402556589,0.7870956453757261
41,19.519372145689047,3424.337474924658,0.0027784328500276277,0.7898740782257537
42,19.290600196935646,3404.2112820604007,0.002745868918522194,0.792619947144276
43,19.162454534319664,3392.885512274431,0.0027276283667286554,0.7953475755110047
44,18.584509712536338,3341.328620357296,0.002645362356000395,0.7979929378670051
45,18.401747128473183,3324.858488974547,0.0026193475045222367,0.8006122853715273
46,18.19677340460854,3306.289136155206,0.0025901710677225624,0.8032024564392498
47,17.872775589895628,3276.7223075276747,0.002544052464879369,0.8057465089041291
48,17.53195785839458,3245.3298593224417,0.0024955396759429923,0.8082420485800721
49,17.28624489322042,3222.5077258864917,0.002460564320740886,0.810702612900813
50,16.98977466982935,3194.7541728477254,0.002418364059299244,0.8131209769601123
51,16.817583326596296,3178.5235291252425,0.0023938539428386197,0.815514830902951
52,16.586480593236864,3156.6087717773494,0.0023609582420289587,0.8178757891449799
53,16.223837466538487,3121.910367625214,0.002309338775555595,0.8201851279205356
54,16.032044741337256,3103.4024215295835,0.0022820385527759853,0.8224671664733115
55,15.90930922863088,3091.5003372661863,0.0022645680943092312,0.8247317345676207
56,15.810683210124681,3081.9029255207747,0.0022505294373463035,0.826982264004967
57,15.548224380469652,3056.2159384683077,0.0022131704368287385,0.8291954344417958
58,15.33780992230658,3035.465577228043,0.002183219553249209,0.831378653995045
59,15.0894830244506,3010.792440802168,0.0021478721247869216,0.8335265261198319
60,15.082820284468434,3010.1276618296197,0.0021469237348746093,0.8356734498547065
61,14.570618217351218,2958.5752920129967,0.002074015700819588,0.837747465555526
62,14.533843881777972,2954.8394046687513,0.0020687811563254296,0.8398162467118515
63,14.355047514119152,2936.607838762175,0.002043330865319087,0.8418595775771706
64,14.217336088321762,2922.4881007515673,0.0020237287005361324,0.8438833062777067
65,14.097966776642654,2910.193577645151,0.002006737394956272,0.845890043672663
66,13.862825700483416,2885.821854192339,0.0019732668670358355,0.8478633105396988
67,13.716247359299349,2870.5247176906264,0.001952402564884687,0.8498157131045835
68,13.602374722952977,2858.584298816723,0.001936193668861672,0.8517519067734451
69,13.418508820242966,2839.198550151359,0.001910021768440054,0.8536619285418852
70,13.353852692589149,2832.3500525886093,0.0019008184647841717,0.8555627470066693
71,13.165289957668213,2812.281894558147,0.0018739780063367882,0.8574367250130062
72,12.99367792858645,2793.892459007138,0.001849550350800441,0.8592862753638066
73,12.859830343845317,2779.465297605275,0.001830498174144044,0.8611167735379507
74,12.829548133343621,2776.1908391126467,0.0018261877338388243,0.8629429612717895
75,12.649425769464708,2756.633578510934,0.0018005486974451085,0.8647435099692345
76,12.550893177467382,2745.876202294075,0.0017865233390288438,0.8665300333082634
77,12.385413413970507,2727.714361827876,0.0017629685644447617,0.8682930018727082
78,12.214648068639153,2708.8447529163336,0.0017386614278435603,0.8700316633005517
79,12.128633102890516,2699.290124989078,0.001726417857474275,0.871758081158026
80,11.960558821079907,2680.5219765438155,0.0017024937731163396,0.8734605749311424
81,11.896408234153917,2673.3238073592693,0.001693362429303978,0.8751539373604463
82,11.838458240291219,2666.804687586023,0.0016851136923361457,0.8768390510527825
83,11.661394576738644,2646.7863229631043,0.0016599100384640428,0.8784989610912465
84,11.498090883583227,2628.188466509712,0.0016366650107957708,0.8801356261020422
85,11.460195410970993,2623.8538929182255,0.0016312708810467557,0.881766896983089
86,11.441593669328851,2621.7235595131465,0.001628623065857799,0.8833955200489467
87,11.293831308783167,2604.7394330853344,0.0016075902276356728,0.8850031102765824
88,11.156166248385768,2588.8156497173595,0.0015879946626116386,0.886591104939194
89,11.03924994733047,2575.214564382792,0.001571352524271779,0.8881624574634658
90,10.91640237835046,2560.845657428935,0.0015538661154542968,0.88971632357892
91,10.866046495916137,2554.9324135881084,0.0015466983419775997,0.8912630219208977
92,10.816565229302281,2549.108513268174,0.0015396550633518945,0.8928026769842495
93,10.71403338608724,2536.9980548655203,0.0015250604422116102,0.8943277374264611
94,10.660865723994192,2530.6953858372594,0.0015174924334756777,0.8958452298599368
95,10.505686143606551,2512.2094657086905,0.0014954038109224288,0.8973406336708591
96,10.431899328146564,2503.371653248893,0.0014849008239184009,0.8988255344947775
97,10.312359068153487,2488.9871231007996,0.0014678851851577576,0.9002934196799353
98,10.16117208485482,2470.6745393571714,0.0014463648781643606,0.9017397845580997
99,10.057898283153564,2458.0870351799904,0.001431664644926716,0.9031714492030264
100,10.009309058103703,2452.142396532933,0.0014247483415728843,0.9045961975445993
101,9.983181235225892,2448.9398274418336,0.001421029246468719,0.906017226791068
102,9.876782196171364,2435.854678200278,0.0014058841596742257,0.9074231109507422
103,9.743154926336533,2419.3206967250817,0.0013868633431542334,0.9088099742938964
104,9.625752330294285,2404.7004139088344,0.0013701519844543917,0.9101801262783508
105,9.555249855248558,2395.877783463062,0.001360116498107124,0.9115402427764578
106,9.459429297161781,2383.834519300001,0.0013464771769082053,0.912886719953366
107,9.427764604076962,2379.8413258067853,0.0013419699508152628,0.9142286899041813
108,9.355681463911015,2370.725930661612,0.0013317094689167994,0.9155603993730981
109,9.32772140373869,2367.1807459092315,0.0013277295688927768,0.9168881289419909
110,9.224400630072202,2354.0339120136323,0.001313022649556304,0.9182011515915472
111,9.101528623316007,2338.303104111929,0.0012955327622088963,0.9194966843537562
112,9.05845791869378,2332.7638261371467,0.0012894019778935482,0.9207860863316497
113,9.020923615385183,2327.925830783728,0.001284059257823603,0.9220701455894733
114,8.895646933768731,2311.7049627145675,0.001266227083461249,0.9233363726729346
115,8.783116943758435,2297.036886057859,0.0012502093028418585,0.9245865819757764
116,8.742147353950255,2291.673262827716,0.001244377596098138,0.9258309595718746
117,8.652882351431296,2279.943244179817,0.0012316714079325904,0.9270626309798071
118,8.560416999909581,2267.7287026764648,0.0012185096746432323,0.9282811406544503
119,8.492347075357053,2258.694550929158,0.0012088204431933663,0.9294899610976437
120,8.431016536672393,2250.5237846459454,0.001200090511609528,0.9306900516092532
121,8.368429250205617,2242.1548912146486,0.0011911816916221091,0.9318812333008754
122,8.318128910967818,2235.4062449818193,0.0011840218242932462,0.9330652551251686
123,8.162753786491445,2214.430146211584,0.0011619053675394038,0.9342271604927079
124,8.060093342885503,2200.4609823621913,0.0011472924411202437,0.9353744529338281
125,8.028679752335542,2196.1687328385783,0.001142820957546393,0.9365172738913745
126,7.984389821183316,2190.1028116432085,0.0011365166256897977,0.9376537905170643
127,7.924334527743675,2181.8507392879246,0.00112796821548145,0.9387817587325458
128,7.887188518812582,2176.730924570143,0.0011226807661367045,0.9399044394986825
129,7.699135614826484,2150.6246600433274,0.00109591287821089,0.9410003523768934
130,7.68044578014273,2148.0127277110637,0.0010932525236534102,0.9420936049005468
131,7.643491746910544,2142.838975642077,0.0010879924005763473,0.9431815973011232
132,7.571889935985417,2132.778641123784,0.001077800432202007,0.9442593977333251
133,7.534094933048266,2127.449112005819,0.0010724206035403222,0.9453318183368654
134,7.440494867742215,2114.192594666419,0.0010590973524505836,0.946390915689316
135,7.352238203437002,2101.6162662510364,0.0010465346934926407,0.9474374503828087
136,7.32518587556557,2097.7462878225133,0.0010426840021964914,0.9484801343850052
137,7.258284256313153,2088.1448566662752,0.001033161070041524,0.9495132954550467
138,7.152634073202107,2072.89183166163,0.0010181225771445077,0.9505314180321912
139,7.122645080985388,2068.5417396311445,0.0010138538742122487,0.9515452719064035
140,7.0423650768834385,2056.8513409218554,0.0010024266316281951,0.9525476985380317
141,7.015014678346859,2052.853363707396,0.0009985335122600005,0.9535462320502917
142,6.946341237893482,2042.7804535958749,0.000988758374952512,0.9545349904252441
143,6.928930295377257,2040.2187418449105,0.0009862800608819587,0.9555212704861261
144,6.847678674436412,2028.2212242651453,0.0009747145160962421,0.9564959850022223
145,6.790641651368749,2019.7566329349963,0.0009665957335157288,0.9574625807357381
146,6.70627453122531,2007.1706624407461,0.0009545867213241902,0.9584171674570623
147,6.680227956720119,2003.269034091028,0.000950879191302437,0.9593680466483647
148,6.620866708133022,1994.348537019179,0.0009424295730533443,0.9603104762214181
149,6.588661366842426,1989.492150820979,0.0009378453898367798,0.9612483216112548
150,6.511919171215521,1977.8717943373333,0.0009269217271430424,0.9621752433383979
151,6.463489456979127,1970.503265634213,0.0009200281289295587,0.9630952714673274
152,6.396903131437755,1960.3270094764925,0.0009105500764150652,0.9640058215437425
153,6.3518160312694505,1953.4063362344357,0.0009041322736658221,0.9649099538174083
154,6.210562329631966,1931.5639840464607,0.000884025893097415,0.9657939797105057
155,6.183417825871738,1927.3382184069337,0.0008801620812707742,0.9666741417917765
156,6.156039156597573,1923.0665924438454,0.0008762649377800098,0.9675504067295565
157,6.129011489308434,1918.8404027168694,0.0008724177567285257,0.968422824486285
158,6.08664108606427,1912.1963426079801,0.000866386654940833,0.9692892111412259
159,6.059924009964153,1907.9949710808662,0.000862583684161896,0.9701517948253878
160,5.936866988405947,1888.5230767671273,0.0008450674613770669,0.9709968622867649
161,5.878949032571492,1879.2886209350681,0.0008368232847767227,0.9718336855715416
162,5.846998541983815,1874.1749521082334,0.0008322753776022132,0.9726659609491438
163,5.808612920581053,1868.012830395654,0.000826811478933848,0.9734927724280776
164,5.780198211590524,1863.4382345087542,0.0008227668631391387,0.9743155392912167
165,5.752737092334313,1859.006464105493,0.0008188579835260803,0.9751343972747428
166,5.686047339072791,1848.1996008337214,0.000809365208869239,0.975943762483612
167,5.60828196836702,1835.5176158127092,0.0007982959050539927,0.976742058388666
168,5.587837592347176,1832.1689723014729,0.0007953858050001651,0.9775374441936662
169,5.564454243125601,1828.331426866999,0.0007920573646622292,0.9783295015583284
170,5.461792470967021,1811.3869467347938,0.0007774442491337953,0.9791069458074623
171,5.406721308952211,1802.2317181376152,0.0007696052917898248,0.9798765510992521
172,5.324171888039894,1788.4206284297254,0.0007578550151363724,0.9806344061143885
173,5.30872033483173,1785.8236090574983,0.0007556556050991496,0.9813900617194876
174,5.267358970889483,1778.8531405181034,0.0007497681323135833,0.9821398298518011
175,5.235367529916121,1773.4429580026926,0.0007452143961658896,0.9828850442479671
176,5.185986195310949,1765.059356780189,0.0007381853420948284,0.9836232295900619
177,5.120630600823061,1753.9021488580959,0.0007288824747022244,0.9843521120647641
178,5.036542421588867,1739.4417296614788,0.0007169131676087637,0.9850690252323729
179,5.009775154633602,1734.8133433224868,0.0007131030525467179,0.9857821282849196
180,4.912933719746044,1717.9641194547569,0.0006993184173685404,0.9864814467022882
181,4.877077057080619,1711.68342527106,0.0006942144965713759,0.9871756611988596
182,4.80968257936371,1699.815731898471,0.0006846214097957611,0.9878602826086553
183,4.707891600127951,1681.7322937234885,0.000670132244958173,0.9885304148536135
184,4.688679733352152,1678.2973966772709,0.0006673975831380168,0.9891978124367515
185,4.583745776961919,1659.410745354471,0.0006524610396189991,0.9898502734763706
186,4.5387977642258654,1651.254646527546,0.0006460630348984992,0.990496336511269
187,4.487367630572173,1641.8726253146308,0.0006387423500036067,0.9911350788612726
188,4.43356891959573,1632.000804634256,0.0006310845163012505,0.9917661633775738
189,4.3636354006411775,1619.07834715204,0.0006211300164878806,0.9923872933940617
190,4.288519286039915,1605.0823544026969,0.0006104378139509932,0.9929977312080127
191,4.271121003195291,1601.8231808100863,0.000607961301887553,0.9936056925099003
192,4.20486734870713,1589.3508787960166,0.000598530602544852,0.9942042231124452
193,4.084197197023739,1566.3794905249615,0.0005813541323719117,0.9947855772448171
194,4.004547358829303,1551.0305557565507,0.00057001658906944,0.9953555938338865
195,3.978340056233576,1545.9469537218329,0.0005662861806372886,0.9959218800145238
196,3.8084130556827858,1512.570615701605,0.0005420983759828622,0.9964639783905066
197,3.7234637527065115,1495.606010373274,0.000530006494532241,0.9969939848850389
198,3.5104031769297777,1452.1856337644895,0.0004996789564144425,0.9974936638414533
199,3.29102579034098,1406.0775669625168,0.0004684522687473322,0.9979621161102007
200,3.2045287701809486,1387.476781040776,0.0004561400816314566,0.9984182561918321
201,3.0265791735876584,1348.4028327322007,0.00043081032198889773,0.998849066513821
202,2.897521040744739,1319.3406260469792,0.0004124398870600678,0.9992615064008811
203,2.7597615444928345,1287.5953984075004,0.00039283087981676446,0.9996543372806979
204,2.4283902541679816,1207.821836894468,0.00034566271929793583,0.9999999999999958
205,2.4881527935371835e-11,0.0038661807993707704,3.5416945821070007e-15,0.9999999999999993
