experiment,representation,rank,alpha,bucket_count,top_k,compressed_bytes,delta_vs_ppmd,delta_vs_transformer,gap_recovered_percent,nll,explained_variance,runtime_seconds,prob_file,notes
logratio_pca,logratio,1,0.1,,,176320,18,1190,1.490066225165563,3.076624645906056,0.4684911205558872,203.57,/mnt/d/hunterprize/experiments/residual_geometry/probs/logratio_rank1_alpha0p10.float16,
logratio_pca,logratio,1,0.2,,,176328,10,1198,0.8278145695364238,3.34382559674219,0.4684911205558872,201.64,/mnt/d/hunterprize/experiments/residual_geometry/probs/logratio_rank1_alpha0p20.float16,
logratio_pca,logratio,1,0.4,,,176355,-17,1225,-1.4072847682119205,4.288420441379896,0.4684911205558872,204.02,/mnt/d/hunterprize/experiments/residual_geometry/probs/logratio_rank1_alpha0p40.float16,
logratio_pca,logratio,1,0.6,,,176373,-35,1243,-2.8973509933774833,5.563607408392302,0.4684911205558872,242.35,/mnt/d/hunterprize/experiments/residual_geometry/probs/logratio_rank1_alpha0p60.float16,
logratio_pca,logratio,1,0.8,,,176398,-60,1268,-4.966887417218543,7.009679153016857,0.4684911205558872,187.94,/mnt/d/hunterprize/experiments/residual_geometry/probs/logratio_rank1_alpha0p80.float16,
logratio_pca,logratio,1,1.0,,,176431,-93,1301,-7.698675496688742,8.496429292636094,0.4684911205558872,191.56,/mnt/d/hunterprize/experiments/residual_geometry/probs/logratio_rank1_alpha1p00.float16,
logratio_pca,logratio,2,0.1,,,176320,18,1190,1.490066225165563,3.1143349226725827,0.5851436269544386,195.67,/mnt/d/hunterprize/experiments/residual_geometry/probs/logratio_rank2_alpha0p10.float16,
logratio_pca,logratio,2,0.2,,,176326,12,1196,0.9933774834437087,3.5171568971694955,0.5851436269544386,200.46,/mnt/d/hunterprize/experiments/residual_geometry/probs/logratio_rank2_alpha0p20.float16,
logratio_pca,logratio,2,0.4,,,176346,-8,1216,-0.6622516556291391,4.918677152466704,0.5851436269544386,193.33,/mnt/d/hunterprize/experiments/residual_geometry/probs/logratio_rank2_alpha0p40.float16,
logratio_pca,logratio,2,0.6,,,176361,-23,1231,-1.903973509933775,6.607229251561821,0.5851436269544386,203.72,/mnt/d/hunterprize/experiments/residual_geometry/probs/logratio_rank2_alpha0p60.float16,
logratio_pca,logratio,2,0.8,,,176385,-47,1255,-3.8907284768211916,8.43288936600798,0.5851436269544386,193.34,/mnt/d/hunterprize/experiments/residual_geometry/probs/logratio_rank2_alpha0p80.float16,
logratio_pca,logratio,2,1.0,,,176419,-81,1289,-6.705298013245033,9.844364839631389,0.5851436269544386,213.33,/mnt/d/hunterprize/experiments/residual_geometry/probs/logratio_rank2_alpha1p00.float16,
logratio_pca,logratio,4,0.1,,,176314,24,1184,1.9867549668874174,3.0862313233261087,0.6825369612843277,193.80,/mnt/d/hunterprize/experiments/residual_geometry/probs/logratio_rank4_alpha0p10.float16,
logratio_pca,logratio,4,0.2,,,176313,25,1183,2.06953642384106,3.4181237473803185,0.6825369612843277,190.69,/mnt/d/hunterprize/experiments/residual_geometry/probs/logratio_rank4_alpha0p20.float16,
logratio_pca,logratio,4,0.4,,,176322,16,1192,1.3245033112582782,4.661246901743014,0.6825369612843277,195.48,/mnt/d/hunterprize/experiments/residual_geometry/probs/logratio_rank4_alpha0p40.float16,
logratio_pca,logratio,4,0.6,,,176334,4,1204,0.33112582781456956,6.2015457264445075,0.6825369612843277,238.31,/mnt/d/hunterprize/experiments/residual_geometry/probs/logratio_rank4_alpha0p60.float16,
logratio_pca,logratio,4,0.8,,,176349,-11,1219,-0.9105960264900662,7.897259280621766,0.6825369612843277,196.37,/mnt/d/hunterprize/experiments/residual_geometry/probs/logratio_rank4_alpha0p80.float16,
logratio_pca,logratio,4,1.0,,,176369,-31,1239,-2.566225165562914,9.643278987949882,0.6825369612843277,196.15,/mnt/d/hunterprize/experiments/residual_geometry/probs/logratio_rank4_alpha1p00.float16,
logratio_pca,logratio,8,0.1,,,176305,33,1175,2.7317880794701987,3.086753276370349,0.7321773819749324,205.52,/mnt/d/hunterprize/experiments/residual_geometry/probs/logratio_rank8_alpha0p10.float16,
logratio_pca,logratio,8,0.2,,,176297,41,1167,3.3940397350993377,3.4334864671297614,0.7321773819749324,209.07,/mnt/d/hunterprize/experiments/residual_geometry/probs/logratio_rank8_alpha0p20.float16,
logratio_pca,logratio,8,0.4,,,176300,38,1170,3.145695364238411,4.735983196169397,0.7321773819749324,206.60,/mnt/d/hunterprize/experiments/residual_geometry/probs/logratio_rank8_alpha0p40.float16,
logratio_pca,logratio,8,0.6,,,176296,42,1166,3.47682119205298,6.324595231659734,0.7321773819749324,214.28,/mnt/d/hunterprize/experiments/residual_geometry/probs/logratio_rank8_alpha0p60.float16,
logratio_pca,logratio,8,0.8,,,176312,26,1182,2.152317880794702,8.073333391594714,0.7321773819749324,195.54,/mnt/d/hunterprize/experiments/residual_geometry/probs/logratio_rank8_alpha0p80.float16,
logratio_pca,logratio,8,1.0,,,176337,1,1207,0.08278145695364239,9.86600306434054,0.7321773819749324,202.53,/mnt/d/hunterprize/experiments/residual_geometry/probs/logratio_rank8_alpha1p00.float16,
logratio_pca,logratio,16,0.1,,,176291,47,1161,3.8907284768211916,3.0806572372703047,0.7774792864708725,205.12,/mnt/d/hunterprize/experiments/residual_geometry/probs/logratio_rank16_alpha0p10.float16,
logratio_pca,logratio,16,0.2,,,176290,48,1160,3.9735099337748347,3.4253813207355583,0.7774792864708725,215.63,/mnt/d/hunterprize/experiments/residual_geometry/probs/logratio_rank16_alpha0p20.float16,
logratio_pca,logratio,16,0.4,,,176274,64,1144,5.298013245033113,4.735451457033896,0.7774792864708725,223.43,/mnt/d/hunterprize/experiments/residual_geometry/probs/logratio_rank16_alpha0p40.float16,
logratio_pca,logratio,16,0.6,,,176267,71,1137,5.877483443708609,6.343037988708945,0.7774792864708725,213.09,/mnt/d/hunterprize/experiments/residual_geometry/probs/logratio_rank16_alpha0p60.float16,
logratio_pca,logratio,16,0.8,,,176258,80,1128,6.622516556291391,8.124410857798951,0.7774792864708725,191.96,/mnt/d/hunterprize/experiments/residual_geometry/probs/logratio_rank16_alpha0p80.float16,
logratio_pca,logratio,16,1.0,,,176290,48,1160,3.9735099337748347,9.945844252140274,0.7774792864708725,189.01,/mnt/d/hunterprize/experiments/residual_geometry/probs/logratio_rank16_alpha1p00.float16,
logratio_pca,logratio,32,0.1,,,176274,64,1144,5.298013245033113,3.067231435323209,0.8307671039609358,190.49,/mnt/d/hunterprize/experiments/residual_geometry/probs/logratio_rank32_alpha0p10.float16,
logratio_pca,logratio,32,0.2,,,176252,86,1122,7.119205298013245,3.3999204342012614,0.8307671039609358,194.89,/mnt/d/hunterprize/experiments/residual_geometry/probs/logratio_rank32_alpha0p20.float16,
logratio_pca,logratio,32,0.4,,,176221,117,1091,9.685430463576159,4.701350550819738,0.8307671039609358,198.07,/mnt/d/hunterprize/experiments/residual_geometry/probs/logratio_rank32_alpha0p40.float16,
logratio_pca,logratio,32,0.6,,,176205,133,1075,11.009933774834437,6.323177880525884,0.8307671039609358,176.16,/mnt/d/hunterprize/experiments/residual_geometry/probs/logratio_rank32_alpha0p60.float16,
logratio_pca,logratio,32,0.8,,,176210,128,1080,10.596026490066226,8.138049040684754,0.8307671039609358,200.47,/mnt/d/hunterprize/experiments/residual_geometry/probs/logratio_rank32_alpha0p80.float16,
logratio_pca,logratio,32,1.0,,,176246,92,1116,7.6158940397351,10.01909049875487,0.8307671039609358,199.79,/mnt/d/hunterprize/experiments/residual_geometry/probs/logratio_rank32_alpha1p00.float16,
logratio_pca,logratio,64,0.1,,,176231,107,1101,8.857615894039734,3.0515162342215696,0.8930634384159931,202.23,/mnt/d/hunterprize/experiments/residual_geometry/probs/logratio_rank64_alpha0p10.float16,
logratio_pca,logratio,64,0.2,,,176178,160,1048,13.245033112582782,3.3699339973986295,0.8930634384159931,199.62,/mnt/d/hunterprize/experiments/residual_geometry/probs/logratio_rank64_alpha0p20.float16,
logratio_pca,logratio,64,0.4,,,176109,229,979,18.956953642384107,4.657159722846451,0.8930634384159931,217.29,/mnt/d/hunterprize/experiments/residual_geometry/probs/logratio_rank64_alpha0p40.float16,
logratio_pca,logratio,64,0.6,,,176078,260,948,21.52317880794702,6.280978772466004,0.8930634384159931,203.98,/mnt/d/hunterprize/experiments/residual_geometry/probs/logratio_rank64_alpha0p60.float16,
logratio_pca,logratio,64,0.8,,,176064,274,934,22.68211920529801,8.112636661951656,0.8930634384159931,161.39,/mnt/d/hunterprize/experiments/residual_geometry/probs/logratio_rank64_alpha0p80.float16,
logratio_pca,logratio,64,1.0,,,176098,240,968,19.867549668874172,10.082757508019263,0.8930634384159931,198.44,/mnt/d/hunterprize/experiments/residual_geometry/probs/logratio_rank64_alpha1p00.float16,
local_entropy_pca,logratio,4,0.2,4,,176310,28,1180,2.3178807947019866,3.417282267077243,0.7027968180852302,188.86,/mnt/d/hunterprize/experiments/residual_geometry/probs/local_entropy4_rank4_alpha0p20.float16,
local_entropy_pca,logratio,4,0.4,4,,176330,8,1200,0.6622516556291391,4.6952224094389265,0.7027968180852302,196.61,/mnt/d/hunterprize/experiments/residual_geometry/probs/local_entropy4_rank4_alpha0p40.float16,
local_entropy_pca,logratio,4,0.6,4,,176336,2,1206,0.16556291390728478,6.253333084161893,0.7027968180852302,199.17,/mnt/d/hunterprize/experiments/residual_geometry/probs/local_entropy4_rank4_alpha0p60.float16,
local_entropy_pca,logratio,4,0.8,4,,176351,-13,1221,-1.076158940397351,7.966263461500048,0.7027968180852302,197.41,/mnt/d/hunterprize/experiments/residual_geometry/probs/local_entropy4_rank4_alpha0p80.float16,
local_entropy_pca,logratio,4,1.0,4,,176378,-40,1248,-3.3112582781456954,9.711222746678684,0.7027968180852302,195.10,/mnt/d/hunterprize/experiments/residual_geometry/probs/local_entropy4_rank4_alpha1p00.float16,
local_entropy_pca,logratio,8,0.2,4,,176291,47,1161,3.8907284768211916,3.421628891183971,0.7492573703839005,195.77,/mnt/d/hunterprize/experiments/residual_geometry/probs/local_entropy4_rank8_alpha0p20.float16,
local_entropy_pca,logratio,8,0.4,4,,176294,44,1164,3.642384105960265,4.71802015916593,0.7492573703839005,187.56,/mnt/d/hunterprize/experiments/residual_geometry/probs/local_entropy4_rank8_alpha0p40.float16,
local_entropy_pca,logratio,8,0.6,4,,176281,57,1151,4.718543046357616,6.30271367465347,0.7492573703839005,190.98,/mnt/d/hunterprize/experiments/residual_geometry/probs/local_entropy4_rank8_alpha0p60.float16,
local_entropy_pca,logratio,8,0.8,4,,176290,48,1160,3.9735099337748347,8.056625432174597,0.7492573703839005,190.27,/mnt/d/hunterprize/experiments/residual_geometry/probs/local_entropy4_rank8_alpha0p80.float16,
local_entropy_pca,logratio,8,1.0,4,,176314,24,1184,1.9867549668874174,9.85564684385617,0.7492573703839005,157.00,/mnt/d/hunterprize/experiments/residual_geometry/probs/local_entropy4_rank8_alpha1p00.float16,
local_entropy_pca,logratio,16,0.2,4,,176286,52,1156,4.304635761589404,3.412875086247651,0.7953247767571926,174.76,/mnt/d/hunterprize/experiments/residual_geometry/probs/local_entropy4_rank16_alpha0p20.float16,
local_entropy_pca,logratio,16,0.4,4,,176271,67,1141,5.546357615894039,4.718825798316163,0.7953247767571926,178.61,/mnt/d/hunterprize/experiments/residual_geometry/probs/local_entropy4_rank16_alpha0p40.float16,
local_entropy_pca,logratio,16,0.6,4,,176270,68,1140,5.629139072847682,6.328202339381697,0.7953247767571926,175.51,/mnt/d/hunterprize/experiments/residual_geometry/probs/local_entropy4_rank16_alpha0p60.float16,
local_entropy_pca,logratio,16,0.8,4,,176272,66,1142,5.4635761589403975,8.120158973459445,0.7953247767571926,177.90,/mnt/d/hunterprize/experiments/residual_geometry/probs/local_entropy4_rank16_alpha0p80.float16,
local_entropy_pca,logratio,16,1.0,4,,176304,34,1174,2.814569536423841,9.97176026669563,0.7953247767571926,177.87,/mnt/d/hunterprize/experiments/residual_geometry/probs/local_entropy4_rank16_alpha1p00.float16,
sparse_topk,logratio,64,0.8,,4,176571,-233,1441,-19.288079470198678,7.843416765711013,0.8930634384159931,210.01,/mnt/d/hunterprize/experiments/residual_geometry/probs/sparse_top4_rank64_alpha0p80.float16,
sparse_topk,logratio,64,0.8,,8,176516,-178,1386,-14.735099337748345,7.959634863963838,0.8930634384159931,123.95,/mnt/d/hunterprize/experiments/residual_geometry/probs/sparse_top8_rank64_alpha0p80.float16,
sparse_topk,logratio,64,0.8,,16,176428,-90,1298,-7.450331125827815,8.030036823793449,0.8930634384159931,106.49,/mnt/d/hunterprize/experiments/residual_geometry/probs/sparse_top16_rank64_alpha0p80.float16,
sparse_topk,logratio,64,0.8,,32,176327,11,1197,0.9105960264900662,8.04358031893112,0.8930634384159931,126.04,/mnt/d/hunterprize/experiments/residual_geometry/probs/sparse_top32_rank64_alpha0p80.float16,
sparse_topk,logratio,64,0.8,,64,176234,104,1104,8.609271523178808,8.01454681333137,0.8930634384159931,141.14,/mnt/d/hunterprize/experiments/residual_geometry/probs/sparse_top64_rank64_alpha0p80.float16,
