experiment,representation,rank,alpha,bucket_count,top_k,compressed_bytes,delta_vs_ppmd,delta_vs_transformer,gap_recovered_percent,nll,explained_variance,runtime_seconds,prob_file,comp_file,log_file,reported_loss_nats_per_token,notes
local_entropy_pca,logratio,4,0.2,4,,176310,28,1180,2.3178807947019866,3.417282267077243,0.7027968180852302,188.86,/mnt/d/hunterprize/experiments/residual_geometry/probs/local_entropy4_rank4_alpha0p20.float16,/tmp/fx2-head-c/local_entropy_pca_rank4_buckets4_alpha0p2.comp,/tmp/fx2-head-c/local_entropy_pca_rank4_buckets4_alpha0p2.log,2.368693,
local_entropy_pca,logratio,4,0.4,4,,176330,8,1200,0.6622516556291391,4.6952224094389265,0.7027968180852302,196.61,/mnt/d/hunterprize/experiments/residual_geometry/probs/local_entropy4_rank4_alpha0p40.float16,/tmp/fx2-head-c/local_entropy_pca_rank4_buckets4_alpha0p4.comp,/tmp/fx2-head-c/local_entropy_pca_rank4_buckets4_alpha0p4.log,3.254489,
local_entropy_pca,logratio,4,0.6,4,,176336,2,1206,0.16556291390728478,6.253333084161893,0.7027968180852302,199.17,/mnt/d/hunterprize/experiments/residual_geometry/probs/local_entropy4_rank4_alpha0p60.float16,/tmp/fx2-head-c/local_entropy_pca_rank4_buckets4_alpha0p6.comp,/tmp/fx2-head-c/local_entropy_pca_rank4_buckets4_alpha0p6.log,4.328828,
local_entropy_pca,logratio,4,0.8,4,,176351,-13,1221,-1.076158940397351,7.966263461500048,0.7027968180852302,197.41,/mnt/d/hunterprize/experiments/residual_geometry/probs/local_entropy4_rank4_alpha0p80.float16,/tmp/fx2-head-c/local_entropy_pca_rank4_buckets4_alpha0p8.comp,/tmp/fx2-head-c/local_entropy_pca_rank4_buckets4_alpha0p8.log,5.247834,
local_entropy_pca,logratio,4,1.0,4,,176378,-40,1248,-3.3112582781456954,9.711222746678684,0.7027968180852302,195.10,/mnt/d/hunterprize/experiments/residual_geometry/probs/local_entropy4_rank4_alpha1p00.float16,/tmp/fx2-head-c/local_entropy_pca_rank4_buckets4_alpha1p0.comp,/tmp/fx2-head-c/local_entropy_pca_rank4_buckets4_alpha1p0.log,5.605408,
local_entropy_pca,logratio,8,0.2,4,,176291,47,1161,3.8907284768211916,3.421628891183971,0.7492573703839005,195.77,/mnt/d/hunterprize/experiments/residual_geometry/probs/local_entropy4_rank8_alpha0p20.float16,/tmp/fx2-head-c/local_entropy_pca_rank8_buckets4_alpha0p2.comp,/tmp/fx2-head-c/local_entropy_pca_rank8_buckets4_alpha0p2.log,2.371709,
local_entropy_pca,logratio,8,0.4,4,,176294,44,1164,3.642384105960265,4.71802015916593,0.7492573703839005,187.56,/mnt/d/hunterprize/experiments/residual_geometry/probs/local_entropy4_rank8_alpha0p40.float16,/tmp/fx2-head-c/local_entropy_pca_rank8_buckets4_alpha0p4.comp,/tmp/fx2-head-c/local_entropy_pca_rank8_buckets4_alpha0p4.log,3.270283,
local_entropy_pca,logratio,8,0.6,4,,176281,57,1151,4.718543046357616,6.30271367465347,0.7492573703839005,190.98,/mnt/d/hunterprize/experiments/residual_geometry/probs/local_entropy4_rank8_alpha0p60.float16,/tmp/fx2-head-c/local_entropy_pca_rank8_buckets4_alpha0p6.comp,/tmp/fx2-head-c/local_entropy_pca_rank8_buckets4_alpha0p6.log,4.366796,
local_entropy_pca,logratio,8,0.8,4,,176290,48,1160,3.9735099337748347,8.056625432174597,0.7492573703839005,190.27,/mnt/d/hunterprize/experiments/residual_geometry/probs/local_entropy4_rank8_alpha0p80.float16,/tmp/fx2-head-c/local_entropy_pca_rank8_buckets4_alpha0p8.comp,/tmp/fx2-head-c/local_entropy_pca_rank8_buckets4_alpha0p8.log,5.270947,
local_entropy_pca,logratio,8,1.0,4,,176314,24,1184,1.9867549668874174,9.85564684385617,0.7492573703839005,157.00,/mnt/d/hunterprize/experiments/residual_geometry/probs/local_entropy4_rank8_alpha1p00.float16,/tmp/fx2-head-c/local_entropy_pca_rank8_buckets4_alpha1p0.comp,/tmp/fx2-head-c/local_entropy_pca_rank8_buckets4_alpha1p0.log,5.611849,
local_entropy_pca,logratio,16,0.2,4,,176286,52,1156,4.304635761589404,3.412875086247651,0.7953247767571926,174.76,/mnt/d/hunterprize/experiments/residual_geometry/probs/local_entropy4_rank16_alpha0p20.float16,/tmp/fx2-head-c/local_entropy_pca_rank16_buckets4_alpha0p2.comp,/tmp/fx2-head-c/local_entropy_pca_rank16_buckets4_alpha0p2.log,2.36564,
local_entropy_pca,logratio,16,0.4,4,,176271,67,1141,5.546357615894039,4.718825798316163,0.7953247767571926,178.61,/mnt/d/hunterprize/experiments/residual_geometry/probs/local_entropy4_rank16_alpha0p40.float16,/tmp/fx2-head-c/local_entropy_pca_rank16_buckets4_alpha0p4.comp,/tmp/fx2-head-c/local_entropy_pca_rank16_buckets4_alpha0p4.log,3.270838,
local_entropy_pca,logratio,16,0.6,4,,176270,68,1140,5.629139072847682,6.328202339381697,0.7953247767571926,175.51,/mnt/d/hunterprize/experiments/residual_geometry/probs/local_entropy4_rank16_alpha0p60.float16,/tmp/fx2-head-c/local_entropy_pca_rank16_buckets4_alpha0p6.comp,/tmp/fx2-head-c/local_entropy_pca_rank16_buckets4_alpha0p6.log,4.384292,
local_entropy_pca,logratio,16,0.8,4,,176272,66,1142,5.4635761589403975,8.120158973459445,0.7953247767571926,177.90,/mnt/d/hunterprize/experiments/residual_geometry/probs/local_entropy4_rank16_alpha0p80.float16,/tmp/fx2-head-c/local_entropy_pca_rank16_buckets4_alpha0p8.comp,/tmp/fx2-head-c/local_entropy_pca_rank16_buckets4_alpha0p8.log,5.299755,
local_entropy_pca,logratio,16,1.0,4,,176304,34,1174,2.814569536423841,9.97176026669563,0.7953247767571926,177.87,/mnt/d/hunterprize/experiments/residual_geometry/probs/local_entropy4_rank16_alpha1p00.float16,/tmp/fx2-head-c/local_entropy_pca_rank16_buckets4_alpha1p0.comp,/tmp/fx2-head-c/local_entropy_pca_rank16_buckets4_alpha1p0.log,5.644816,
