row,target_token,gain_bits,ppmd_entropy,ppmd_top1,ppmd_margin
48858,8,18.191736221313477,1.1526503562927246,0.85693359375,0.832427978515625
506127,8,17.559696197509766,0.4787706136703491,0.921875,0.85797119140625
178116,41,16.851749420166016,1.0879011154174805,0.7646484375,0.588134765625
178112,43,16.472488403320312,2.9793286323547363,0.36767578125,0.1368408203125
526346,35,15.977279663085938,0.05116523057222366,0.99609375,0.9950389862060547
423594,170,15.711495399475098,3.8267736434936523,0.5,0.4285888671875
252333,8,15.535052299499512,1.756380558013916,0.7119140625,0.606201171875
244664,39,15.527327537536621,3.1376099586486816,0.328857421875,0.048583984375
107955,25,15.440389633178711,0.5981799960136414,0.892578125,0.8045654296875
387415,43,15.279114723205566,3.2494606971740723,0.358642578125,0.1888427734375
33646,43,15.011392593383789,2.585883617401123,0.484130859375,0.194091796875
166041,8,14.916109085083008,1.9919514656066895,0.5712890625,0.3331298828125
475923,90,14.810296058654785,2.5051963329315186,0.420166015625,0.0205078125
366518,8,14.757143020629883,0.6301469802856445,0.9384765625,0.9282455444335938
401411,43,14.621779441833496,3.2984509468078613,0.33349609375,0.1334228515625
345151,48,14.614709854125977,1.5940390825271606,0.583984375,0.273681640625
49801,35,14.598173141479492,0.11454488337039948,0.99072265625,0.9892864227294922
129657,3,14.44896125793457,0.9567278027534485,0.865234375,0.818084716796875
151849,43,14.370050430297852,1.0727440118789673,0.8388671875,0.7581787109375
433832,35,14.191203117370605,0.21819715201854706,0.978515625,0.9707794189453125
